{
  "id": "4711765",
  "name": "妹纸",
  "font_family": "iconfont",
  "css_prefix_text": "icon-",
  "description": "",
  "glyphs": [
    {
      "icon_id": "866457",
      "name": "Facebook",
      "font_class": "mianshulogo",
      "unicode": "e604",
      "unicode_decimal": 58884
    },
    {
      "icon_id": "2019042",
      "name": "菜单栏",
      "font_class": "caidanlan",
      "unicode": "e79c",
      "unicode_decimal": 59292
    },
    {
      "icon_id": "6027489",
      "name": "电话",
      "font_class": "dianhua",
      "unicode": "e601",
      "unicode_decimal": 58881
    },
    {
      "icon_id": "40458777",
      "name": "youtobe",
      "font_class": "youtobe",
      "unicode": "e60b",
      "unicode_decimal": 58891
    }
  ]
}
